,linear_output,tanh_output,conv1d_output,build_deep_nn,build_encoder
min_mse_0,20.71779441833496,0.9996119737625122,0.08933477848768234,0.001370950834825635,0.0015034278621897101
min_epo_0,9.0,0.0,49.0,21.0,48.0
min_mse_1,42.64688491821289,0.9967948198318481,0.0461556501686573,0.0014668802032247186,0.0015692574670538306
min_epo_1,7.0,0.0,49.0,47.0,37.0
min_mse_2,62.89599609375,0.9990171194076538,0.06417009234428406,0.0020746556110680103,0.0020520782563835382
min_epo_2,15.0,0.0,49.0,13.0,49.0
