,linear_output,tanh_output,conv1d_output,build_deep_nn,build_encoder
min_mse,9.581281661987305,0.9837089776992798,0.017879599705338478,0.0028932958375662565,0.0009144715731963515
min_epo,28.0,2.0,49.0,48.0,47.0
min_mse,4.500206470489502,0.9826623797416687,0.015490963123738766,0.0020098260138183832,0.001792734838090837
min_epo,42.0,0.0,49.0,49.0,49.0
min_mse,3.3397085666656494,0.9875192046165466,0.024111395701766014,0.0028979480266571045,0.0007392061525024474
min_epo,49.0,0.0,47.0,45.0,47.0
