precision,accuracy,recall,duration
0.58421573478476,0.7266666666666667,0.4973297213622291,444.0629503726959
