precision,accuracy,recall,duration
0.10839874411302983,0.18,0.19081996434937612,443.59410524368286
