precision,accuracy,recall,duration
0.3290780141843972,0.6666666666666666,0.27199999999999996,42.68156599998474
