,dataset,model,pm1,mm1
0,GunPoint,ae,0.8206105175308784,0.0020423218790122867
1,GunPoint,nn,0.28781879050829845,0.005825169836344613
2,GunPoint,conv,0.7207503457891891,0.0031935666490431978
4,ECG200,ae,0.6193982004971903,0.006214214315816254
5,ECG200,nn,0.4354952395506817,0.008239936726930488
6,ECG200,conv,0.5446284480879295,0.008412080932066229
8,Beef,ae,0.5193552856459924,0.0015806285856304072
9,Beef,nn,0.475416326591361,0.0016259851230530026
10,Beef,conv,0.4235738623062981,0.0017294140114503431
