,dataset,model,pm1,mm1
0,GunPoint,ae,0.8804325844963475,0.0015041667167673104
1,GunPoint,nn,0.5740581877330224,0.0042200539291754715
2,GunPoint,conv,0.8551553784591286,0.001941376591354508
4,ECG200,ae,0.6287070947248912,0.007298041082085859
5,ECG200,nn,0.584327871091957,0.00634021560214389
6,ECG200,conv,0.6328423045059177,0.007724879394048947
8,Beef,ae,0.37876064103224394,0.002239554760681036
9,Beef,nn,0.3968347931164909,0.0017885804329001425
10,Beef,conv,0.2663153695178895,0.0022135531047896275
