precision,accuracy,recall,duration
0.7843291592128802,0.7,0.6426129852010563,144.56167125701904
