precision,accuracy,recall,duration
0.9738247863247864,0.9733333333333334,0.9731507823613086,144.56167125701904
