precision,accuracy,recall,duration
0.17460317460317457,0.32142857142857145,0.39999999999999997,143.73083233833313
