precision,accuracy,recall,duration
0.96875,0.9642857142857143,0.9615384615384616,143.73083233833313
