,linear_output,conv1d_output,build_deep_nn,build_encoder
0,5.1303911209106445,0.005900993011891842,0.0019291510106995702,0.0017639368306845427
1,10.0,99.0,95.0,48.0
2,0.04043761666738918,0.09786436355967244,0.3294807295544327,0.35200934832058367
