,linear_output,tanh_output,conv1d_output,build_deep_nn,build_encoder
min_mse_0,,,0.00809390190988779,0.002123702084645629,0.0019901376217603683
min_epo_0,,,298.0,6.0,30.0
mean_corr_test_0,,,0.03885374999979339,0.03976180824514682,0.33757610074761474
