,linear_output,tanh_output,conv1d_output,build_deep_nn,build_encoder
min_mse,1.1981135606765747,0.9916107058525085,0.007463871501386166,0.0024674921296536922,0.002100766636431217
min_epo,48.0,0.0,48.0,45.0,47.0
min_mse,0.9289320111274719,0.9951629638671875,0.007729287259280682,0.0030215063598006964,0.0021455527748912573
min_epo,47.0,0.0,46.0,49.0,41.0
min_mse,2.416440486907959,0.9838619232177734,0.007987143471837044,0.0021259700879454613,0.0026929492596536875
min_epo,27.0,0.0,44.0,48.0,43.0
