,linear_output,tanh_output,conv1d_output,build_deep_nn,build_encoder
min_mse,2.094132423400879,0.9838157892227173,0.008755707181990147,0.0019672317430377007,0.002330777933821082
min_epo,34.0,0.0,46.0,42.0,45.0
min_mse,1.8960626125335693,0.9860765337944031,0.00762512581422925,0.0028716009110212326,0.002216700231656432
min_epo,9.0,0.0,41.0,45.0,48.0
min_mse,3.0974533557891846,0.9878865480422974,0.0075949192978441715,0.0022242297418415546,0.0027723282109946012
min_epo,33.0,1.0,47.0,41.0,47.0
