,linear_output,tanh_output,conv1d_output,build_deep_nn,build_encoder
min_mse_0,,,0.005029647145420313,0.004838490393012762,0.0026797158643603325
min_epo_0,,,293.0,241.0,288.0
mean_corr_test0,,,0.48688883389844356,0.47231482635818733,0.7767205802094679
