,linear_output,tanh_output,conv1d_output,build_deep_nn,build_encoder
min_mse_0,,,0.004943740554153919,0.00467031542211771,0.0025779835414141417
min_epo_0,,,298.0,237.0,199.0
mean_corr_test0,,,0.5301500325961207,0.4914590196013737,0.7841903584479533
