precision,accuracy,recall,duration
0.9683544303797469,0.9666666666666667,0.9671052631578947,22.663795948028564
