precision,accuracy,recall,duration
0.25333333333333335,0.5066666666666667,0.5,1.4911136627197266
