precision,accuracy,recall,duration
0.7335526315789473,0.7857142857142857,0.886021505376344,384.3660566806793
