precision,accuracy,recall,duration
0.3059228906686534,0.31333333333333335,0.31472261735419627,203.69919347763062
