precision,accuracy,recall,duration
0.24666666666666667,0.49333333333333335,0.5,4.6107707023620605
