loss,accuracy,val_loss,val_accuracy,lr
0.7342079281806946,0.6000000238418579,0.697689950466156,0.4933333396911621,0.0010000000474974513
