precision,accuracy,recall,duration
0.6845238095238094,0.75,0.8193548387096774,383.00223660469055
